term,training mse,validation mse
0,0.10904063715523792,0.13478119048374496
1,0.0014679345631077832,0.0023317407241916204
2,0.001316890186503657,0.0013950288950872376
3,0.00143587656825081,0.0015219810689181977
4,0.0013923684808244173,0.0021066829105332095
avg,0.022930741390784916,0.02842732481649505
whole data,0.0028516541748241342,n
