term,training mse,validation mse
0,0.00023205688790679734,0.1423709307252547
1,0.00010545680147064315,0.006855262220450082
2,7.491336190362238e-06,0.9644697637864246
3,0.00019992655538742334,0.12842593495701948
4,8.843607482828344e-05,1.0470593882161834
avg,0.0001266735311567019,0.45783625598106636
whole data,0.00032641503943381134,n
