term,training mse,validation mse
0,1.2024139168073285,1.7875108244910267
1,1.2219395516486335,1.6389098598444305
2,1.3145165213861378,1.1183978885524624
3,0.766296802372099,4.738059783434989
4,0.846487106117677,3.263321774302836
avg,1.0703307796663752,2.509240026125149
whole data,1.1945795675946569,n
