term,training mse,validation mse
0,0.0006605978653502682,0.7553976089556592
1,0.0010725600085350368,0.0036670247063799333
2,0.0009813059410032196,0.002223701115460466
3,0.0010870300779750408,0.0005555987196464647
4,0.0007118242178972726,0.02598505938066073
avg,0.0009026636221521677,0.15756579857556136
whole data,0.0009650455995497451,n
