term,training mse,validation mse
0,0.06290837340708054,0.04512459062811112
1,0.834146771075492,1.5461760223072087
2,0.015401398304062279,0.025348226447598377
3,0.028538488175323912,0.027297951395489222
4,0.002745546755619672,2363.036299287757
avg,0.18874811554351567,472.93604921570716
whole data,0.0025725438352763876,n
