term,training mse,validation mse
0,0.3964393851464901,2.2032972051666304
1,0.6554407221208277,0.8181951937675306
2,0.6996880741358531,0.568354476537585
3,0.5362056937639643,1.2212829019744043
4,0.7702678638160124,0.18667636430294995
avg,0.6116083477966295,0.9995612283498201
whole data,0.6491035729139476,n
