term,training mse,validation mse
0,0.0006859822616935958,0.0028336227906588384
1,0.00037043356991802297,0.004664304640520945
2,0.0007450454329159989,0.015334723897792099
3,0.0005716220780027283,0.003257832412887791
4,0.0009375032572184594,0.0009366048060184649
avg,0.0006621173199497611,0.0054054177095756275
whole data,0.000842908493298604,n
