term,training mse,validation mse
0,0.4413862677342255,0.5043924240963747
1,0.5414558319206313,0.10822468246395871
2,0.3872547487240257,0.7432186140017394
3,0.4332888083057995,0.6417732969091181
4,0.4621348084517263,0.42298697764816584
avg,0.4531040930272816,0.48411919902387135
whole data,0.45350737462509344,n
