term,training mse,validation mse
0,0.09700864512560332,0.126997727260207
1,0.10771595390865916,0.08699194765669697
2,0.06623104440628808,0.3248060996062752
3,0.1051064653544266,0.1914681905481702
4,0.09732518309483956,0.1542522205415502
avg,0.09467745837796335,0.1769032371225799
whole data,0.09666604613426674,n
