term,training mse,validation mse
0,1.7269123369388148e-05,0.0008141821683811534
1,2.560069618170137e-05,55.49588083957152
2,0.00014977657774236083,0.12036271379877934
3,0.0001365398575715074,0.4804025871869142
4,2.9133371228210637e-06,0.0004576143024228839
avg,6.641991839755576e-05,11.219583587405603
whole data,2.1578111132166945e-05,n
