term,training mse,validation mse
0,0.0009552119270958844,0.005057704174937598
1,0.001113048411240571,0.07634219665810599
2,0.001103254439037739,0.03333997047559839
3,0.0013812318236117885,0.001703153064850195
4,0.0013372737509399484,0.011572556231006087
avg,0.0011780040703851863,0.02560311612089965
whole data,0.0013140465273882593,n
