term,training mse,validation mse
0,1.7027695545054957,1.2033792529363387
1,0.9485178384364543,4.366133724462154
2,1.5163913520267664,2.0301329165149977
3,1.9492255846985953,0.17869986146990202
4,1.7612374801515829,1.0190653522196484
avg,1.575628361963779,1.7594822215206078
whole data,1.5941152243755121,n
