term,training mse,validation mse
0,0.005171989832446473,0.005662549204290541
1,0.0018522369603317292,0.0023897617644485893
2,0.0019402590413759952,0.002356672066219412
3,0.00196376259846038,0.0020602654000841133
4,0.007717864839613938,0.007419676146370867
avg,0.0037292226544457033,0.003977784916282705
whole data,0.01965449422268071,n
