term,training mse,validation mse
0,0.0941068664335349,0.2688389799259216
1,0.04977757490350201,0.6449204673264409
2,0.10361464655761123,0.30261725147566426
3,0.12239351422946826,0.09548001232742133
4,0.11539051813808722,0.12922299167555296
avg,0.09705662405244073,0.2882159405462002
whole data,0.10834702236290912,n
