default,+gussianblur,strong
0.5585996955859969,0.5799086757990868,0.5875190258751902
