term,training mse,validation mse
0,0.11554394828442956,2.163497229599355
1,0.041359659933945594,0.9711981309189749
2,0.005612259239307658,8.591798000466243
3,0.011412815745034105,61.6549627139865
4,0.007915301681850772,0.22624703567300228
avg,0.036368796976913545,14.721540622128813
whole data,0.0031014670675754124,n
