term,training mse,validation mse
0,0.07444857667323657,7358.430039271106
1,0.0919300422674716,4.630236729889109
2,0.006667271678157075,2879.0955609105226
3,0.0614284303117024,3.6205872452289936
4,0.008543216487374041,509.5446550186268
avg,0.04860350748358834,2151.0642158350743
whole data,0.13044323527224944,n
