term,training mse,validation mse
0,0.40915169134136775,1.4467955901689764
1,0.441188400043479,42.19948396940841
2,0.5093017571483643,1.1868143923520031
3,0.27636313617171465,11.296117460622211
4,0.283902289505055,3.3636356168457353
avg,0.38398145484199614,11.898569405879467
whole data,0.5311432995796505,n
