term,training mse,validation mse
0,0.0033935418248820398,0.003350806354586344
1,0.00079018595284618,0.030842673388029564
2,0.03925134571500411,17.53892026516243
3,0.007960578283476257,0.1416137614540374
4,0.00017740130810652935,0.0056609222375686675
avg,0.010314610616863024,3.544077685719331
whole data,0.0025725438352763876,n
