term,training mse,validation mse
0,155.3372910489429,1687235.8769548966
1,40.5021736696412,155070.35834021078
2,26.56038466426541,1199563.6697176038
3,7.6768836008350005,4940.432946067678
4,435.6353100802698,460.0429143439507
avg,133.14240861279086,609454.0761746245
whole data,2.439968293449642e-10,n
