term,training mse,validation mse
0,0.0016588901917608228,0.0021351421168284597
1,0.0019295968525187732,0.0019323960944481683
2,0.002221795125755412,0.002627334339784638
3,0.01901188648100906,0.01511822451027367
4,0.0029142145776909142,0.002608176709326694
avg,0.005547276645746997,0.004884254754132326
whole data,0.02005775335166098,n
