term,training mse,validation mse
0,0.23177181367688285,0.40268336454314085
1,0.2450021805937409,0.37394192575871177
2,0.22139122096091443,0.49618239053292384
3,0.21370729627941532,0.43587432755964994
4,0.2975309784712533,0.09068060351974915
avg,0.24188069799644135,0.3598725223828351
whole data,0.2525603256717434,n
