term,training mse,validation mse
0,0.0058503120449954,0.11960757363072945
1,0.007287743247632286,0.20880496735278886
2,0.023931929523523906,0.04964336083787695
3,2.2246846636925483e-18,1786.8604960330163
4,0.03953015673182892,0.31752272428890027
avg,0.015320028309596102,357.5112149318253
whole data,2.4293006496064557e-14,n
