term,training mse,validation mse
0,0.0896866515570578,0.26299992897188174
1,0.0034738260416220064,0.8269077163047087
2,0.05613705097879429,466725.1431579072
3,0.053976953951145136,0.008931572946751017
4,0.0848873366182703,0.06468857389621724
avg,0.057632363829377906,93345.26133713985
whole data,2.0444529773150205e-14,n
