term,training mse,validation mse
0,0.0006439401101521457,0.001170588497014825
1,0.0004315414100824248,0.015828754751692303
2,0.0004425927234135506,0.10419328196112716
3,0.0004961335030995907,0.002030821586624255
4,0.0004893237434763937,0.0016257696088742611
avg,0.0005007062980448211,0.024969843281066557
whole data,0.0006505142813905898,n
