term,training mse,validation mse
0,0.014213457201694299,0.0032970386908885477
1,0.004889762302374368,184.51277616152694
2,0.008649769947369946,55053.07331533149
3,0.004980977524449687,1.1634902537962928
4,0.006550760548762888,6.871641007486942
avg,0.007856945504930237,11049.124903958598
whole data,0.0031014670675754124,n
