term,training mse,validation mse
0,0.0029328125269718827,0.00732587059632505
1,0.001141984007157832,0.0028172587843096303
2,0.001223104088937129,0.0016728740140581658
3,0.0013455145781332478,0.0014204245688329742
4,0.0015125927344052429,0.005785380036065114
avg,0.001631201587121067,0.0038043615999181863
whole data,0.002579740520587328,n
