term,training mse,validation mse
0,9.90712088737672,22.07190819676398
1,25.295756969088313,39.46583163975458
2,74.03444693441216,96851.97321759404
3,6.602318796801707,11.209537465969182
4,74.80994623100733,113004.51206119749
avg,38.12991796373725,41985.8465112188
whole data,1.546531034646489e-10,n
