term,training mse,validation mse
0,0.4401561725872298,0.44983677800481775
1,0.44058847055608547,0.5229328630554912
2,0.4173627102330563,0.5861087099779381
3,0.4435688416670179,0.44938174779333107
4,0.47591781264347327,0.33674930881568277
avg,0.44351880153737255,0.4690018815294522
whole data,0.4435092339919758,n
