term,training mse,validation mse
0,0.24603823006052636,0.26532900302977125
1,0.22326845573916773,0.32000971894264024
2,0.2238395329289801,0.40453466982212066
3,0.28959770195327583,0.04301343549487598
4,0.13753328211162974,0.907478929841341
avg,0.22405544055871598,0.38807315142614984
whole data,0.2390106057787662,n
