term,training mse,validation mse
0,0.4924285413141298,79646.74410973181
1,0.08334358581682183,87.14743246286758
2,0.1190142771430686,84071.99324481079
3,0.09103889905093991,25.650489275909056
4,0.1302939331931965,1168.6895640917805
avg,0.1832238473036313,33000.04496807463
whole data,0.6812388913428649,n
